tick,theta1_rad,theta2_rad,x,y,ds2_total,target_term,obs_term,reg_term,grad_norm,C,S,ds2_CS,d_obs,delta_theta1,delta_theta2,delta_theta_sq
0,-1.4,1.2,1.0350303486673345,-1.0657071547051693,1.9603710182737106,1.8923710182737106,0.0,0.06799999999999999,4.03993395837073,2,0,-4,1.2442365429420743,0.3881658456591368,0.29043180309822114,0.23502335598715673
1,-1.011834154340863,1.490431803098221,1.276153410879056,-0.3485439817625371,0.4913125445804665,0.42640863826892045,0.0,0.06490390631154608,1.9440670872133514,2,0,-4,0.8114031911563897,0.19712051627173885,0.12476704915483289,0.05442331449004135
2,-0.8147136380691242,1.615198852253054,1.2441917828128957,-0.00885159337298802,0.1627947332847239,0.09734222039721568,0.0,0.06545251288750822,0.8858101421692616,2,0,-4,0.6533235970202632,0.09604169271668082,0.04555317348859036,0.011299098354766954
3,-0.7186719453524434,1.6607520257416444,1.2067089563861078,0.13535775656691829,0.09264381153930165,0.027152078418468832,0.0,0.06549173312083281,0.44378591665358125,2,0,-4,0.607738371923779,0.05134963630621902,0.014115111924029778,0.0028360215334088537
4,-0.6673223090462244,1.674867137665674,1.187477906441504,0.20397469796709755,0.07438764131726172,0.009377661457597865,0.0,0.06500997985966386,0.2497182427705732,1,1,0,0.5966079352256737,0.029956843332686067,0.0007483506289117758,0.0008979724911228902
5,-0.6373654657135382,1.675615488294586,1.1802554762463178,0.23979312955776177,0.06829315349664696,0.004014713466708178,0.0,0.06427844002993878,0.16378661097240282,2,0,-4,0.5968572164139379,0.01897732721252447,-0.005114316035977974,0.0003862951766470832
6,-0.6183881385010138,1.670501172258608,1.1794958919784484,0.2598751132073349,0.0654899861130063,0.002030424985883643,0.0,0.06345956112712266,0.12569991306944023,2,0,-4,0.6011451909838053,0.013047934683540693,-0.007568232408669105,0.00022752674129757354
7,-0.6053402038174731,1.662932939849939,1.1819512874467564,0.2719208250245466,0.06374985058804657,0.0011141960921317393,0.0,0.06263565449591482,0.10688869197383855,2,0,-4,0.6068146925034512,0.009692928067420904,-0.008400590281334356,0.0001645227715950452
8,-0.5956472757500522,1.6545323495686046,1.1858669202910983,0.27968868584479334,0.06245775288231899,0.0006122934247696656,0.0,0.06184545945754932,0.09524316312041492,2,0,-4,0.6128034530842699,0.007691183661258847,-0.008454101941294843,0.00013062614574502028
9,-0.5879560920887933,1.6460782476273097,1.1903269141866264,0.2850969809771157,0.06142098783587176,0.0003156685651493392,0.0,0.061105319270722415,0.08640024017002856,2,0,-4,0.6186653036820049,0.00641779654205398,-0.008142966852782594,0.00010749602162071608
10,-0.5815382955467393,1.637935280774527,1.194867584403492,0.2891505562644068,0.06056442758309379,0.00014405211922708148,0.0,0.060420375463866714,0.07890613699497766,2,0,-4,0.6242158087626267,0.005546489691526617,-0.007674204966024792,8.96569697587706e-05
11,-0.5759918058552127,1.6302610758085023,1.1992641947418923,0.29238546622832096,0.05984887724811079,5.852253393789943e-05,0.0,0.05979035471417289,0.07226305834586728,2,0,-4,0.6293883878143424,0.004904768415764829,-0.0071511762004085825,7.519607426157436e-05
12,-0.5710870374394479,1.6231098996080937,1.2034163079533644,0.2950929541942372,0.0592482732693153,3.5750258572075374e-05,0.0,0.05921252301074323,0.06627417075228972,2,0,-4,0.6341707195072194,0.004400421144411273,-0.0066245694169531355,6.324862620821262e-05
13,-0.5666866162950366,1.6164853301911406,1.2072869969168485,0.29743515287509376,0.058742849641061884,5.967876484029978e-05,0.0,0.05868317087622158,0.0608392269797942,2,0,-4,0.6385750826763412,0.0039834355082022654,-0.006118216057052724,5.330032616878441e-05
14,-0.5627031807868343,1.6103671141340878,1.2108709545842695,0.2995055662801889,0.05831676435731996,0.00011842211827653775,0.0,0.058198342239043424,0.05589192341287018,2,0,-4,0.6426241468630599,0.0036260809091498147,-0.005642322174466586,4.4984262280178094e-05
15,-0.5590770998776845,1.6047247919596213,1.2141779384168292,0.30136085500034643,0.05795704309483321,0.00020286586408337028,0.0,0.05775417723074984,0.05138040951063678,2,0,-4,0.6463441296742912,0.0033124554053248164,-0.005200275812017761,3.801522933332258e-05
16,-0.5557646444723597,1.5995245161476035,1.2172242825824124,0.30303758921311913,0.05765296321476073,0.00030590285870645597,0.0,0.057347060356054275,0.04726085825292505,2,0,-4,0.6497615544512072,0.0030329929460227133,-0.004792142672932508,3.2163677608364266e-05
17,-0.5527316515263371,1.594732373474671,1.220028622094182,0.30456110760411664,0.057395621837711686,0.0004219494055678903,0.0,0.056973672432143796,0.04349503891178484,2,0,-4,0.6529017835480563,0.002781573728121933,-0.004416450237252131,2.724218510310255e-05
18,-0.5499500777982151,1.5903159232374189,1.2226097982636053,0.30595022956807316,0.05717760468488864,0.0005466082094337023,0.0,0.056630996475454935,0.04004916714361925,2,0,-4,0.6557884246866434,0.0025539997328059417,-0.004071088395620011,2.3096675360124738e-05
19,-0.5473960780654092,1.5862448348417988,1.2249858830441462,0.3072197890008589,0.056992722551586224,0.00067641970471268,0.0,0.05631630284687354,0.03689320359238915,2,0,-4,0.6584431600055025,0.0023471855216451332,-0.0037537557344392977,1.959996198685645e-05
20,-0.5450488925437641,1.5824910791073594,1.2271737698798446,0.3083820222121423,0.056835798280198774,0.0008086720658475994,0.0,0.05602712621435117,0.03400034090826806,2,0,-4,0.6608857728885666,0.0021587237184619024,-0.0034621735552106065,1.6646733819049633e-05
21,-0.5428901688253022,1.579028905552149,1.2291890457516634,0.3094473507200496,0.05670249322704798,0.0009412528275203253,0.0,0.05576124039952765,0.03134659152704419,2,0,-4,0.6631342609287627,0.0019866470971069373,-0.0031941822172175693,1.4149566725232367e-05
22,-0.5409035217281952,1.5758347233349312,1.2310459982045798,0.31042484185887265,0.05658916523402214,0.00107253133230128,0.0,0.05551663390172086,0.02891044227063496,2,0,-4,0.6652049803792408,0.0018292943196697626,-0.0029477786845198304,1.2035716880885523e-05
23,-0.5390742274085255,1.5728869446504115,1.2327576831874363,0.3113224953059377,0.05649275197391753,0.00120126470776143,0.0,0.0552914872661561,0.02667255954873606,2,0,-4,0.6671127960510577,0.001685230832946278,-0.002721125368881731,1.0244526233484543e-05
24,-0.5373889965755793,1.5701658192815298,1.234336016648699,0.31214743328722244,0.05641067484837816,0.0013265221747672557,0.0,0.05508415267361091,0.024615535463342355,2,0,-4,0.6688712248767285,0.0015531995955490423,-0.002512545533299651,8.725314040517737e-06
25,-0.5358357969800303,1.56765327374823,1.2357918718213488,0.3129060355642186,0.05634075960283608,0.0014476238424607373,0.0,0.05489313576037534,0.022723667977268828,2,0,-4,0.6704925683807142,0.0014320883541463021,-0.0023205129151183655,7.435657243312599e-06
26,-0.5344037086258839,1.5653327608331118,1.2371351737655158,0.3136040411982897,0.05628117058613004,0.0015640910675198242,0.0,0.05471707951861021,0.020982769856600855,2,0,-4,0.6719880326802365,0.0013209064474139455,-0.002143639345014311,6.339983484313114e-06
27,-0.53308280217847,1.5631891214880975,1.2383749875673726,0.31424662910510837,0.05623035618199813,0.0016756061116545286,0.0,0.0545547500703436,0.01938000210455009,2,0,-4,0.6733678362043625,0.0012187673730362763,-0.001980662168332682,5.4084165346420686e-06
28,-0.5318640348054338,1.5612084593197648,1.2395195989680938,0.31483848416387555,0.05618700341430274,0.0017819793148805521,0.0,0.05440502409942218,0.017903728342501504,2,0,-4,0.6746413059857389,0.0011248750535726782,-0.001830432284774278,4.61582623529412e-06
29,-0.530739159751861,1.5593780270349906,1.2405765873271668,0.3153838528571214,0.05615000010572179,0.0018831223678487594,0.0,0.05426687773787303,0.01654338717139169,2,0,-4,0.6758169636101905,0.0010385126315139816,-0.001691903131170006,3.941044691076965e-06
30,-0.529700647120347,1.5576861239038207,1.241552891329835,0.3158865909078447,0.056118403271786764,0.0019790265485422984,0.0,0.05413937672324447,0.015289380013341956,1,1,0,0.6769026019358193,0.000959033100466512,-0.0015641206939938708,3.366218033170279e-06
31,-0.5287416140198805,1.5561220032098269,1.2424548680449994,0.3163502045414924,0.05609141267466922,0.002069745009266952,0.0,0.05402166766540226,0.014132972317509805,1,1,0,0.6779053536297402,0.0008858513385855781,-0.001446214527627944,2.876269053995978e-06
32,-0.527855762681295,1.554675788682199,1.2432883459876602,0.316777886515107,0.05606834865647057,0.0021553783742611953,0.0,0.05391297028220937,0.013066206333126646,1,1,0,0.6788317524729499,0.0008184372556309319,-0.0013373897072016775,2.45845077033368e-06
33,-0.5270373254256641,1.5533383989749971,1.2440586728193561,0.3171725477611225,0.056048633529652,0.002236063047211108,0.0,0.0538125704824409,0.012081823919292712,1,1,0,0.6796877882784768,0.0007563098498335407,-0.0012369196286608896,2.101974756721826e-06
34,-0.5262810155758305,1.5521014793463364,1.244770758270995,0.3175368453033281,0.056031775930245,0.0023119617393527357,0.0,0.053719814190892265,0.011173198084782928,1,1,0,0.6804789561668149,0.0006990320229171374,-0.001144139567228688,1.797701118361875e-06
35,-0.5255819835529134,1.5509573397791077,1.2454291128143034,0.3178732069725127,0.05601735764357901,0.002383255818576982,0.0,0.05363410182500203,0.010334272139410699,1,1,0,0.6812103008504393,0.0006462060356001681,-0.0010584409104593777,1.537879401380162e-06
36,-0.5249357775173132,1.5498988988686482,1.2460378825499194,0.3181838533551575,0.05600502249716114,0.002450139152522052,0.0,0.053554883344639086,0.009559505497406582,0,2,4,0.6818864564973325,0.0005974695093919495,-0.0009792659896362046,1.315931693111232e-06
37,-0.5243383080079212,1.548919632879012,1.2466008807258597,0.31847081733711563,0.05599446698478016,0.0025128131775269008,0.0,0.05348165380725326,0.008843825307696469,0,2,4,0.6825116826717363,0.0005524918976106209,-0.000906103441405324,1.1262707434519562e-06
38,-0.5237858161103106,1.5480135294376067,1.247121616251096,0.3187359615480298,0.05598543234284923,0.002571482973244818,0.0,0.05341394936960441,0.008182583199952954,0,2,4,0.68308989678795,0.0005109713615758262,-0.0008384840393932014,9.641472166677933e-07
39,-0.5232748447487348,1.5471750453982136,1.2476033195255547,0.31898099396688373,0.055977697846818476,0.0026263541618229383,0.0,0.053351343684995535,0.007571516532149566,0,2,4,0.6836247034588804,0.00047263199817135075,-0.0007759769427604151,8.255212213912443e-07
40,-0.5228022127505634,1.5463990684554532,1.2480489658697091,0.3192074819117687,0.05597107513407497,0.0026776304825394002,0.0,0.05329344465153557,0.007006713607824638,0,2,4,0.6841194210741994,0.00043722137323238457,-0.0007181863150817252,7.069541123818792e-07
41,-0.522364991377331,1.5456808821403714,1.248461296803556,0.319416864605905,0.05596540339162391,0.0027255119190063982,0.0,0.05323989147261751,0.006484582401648932,0,2,4,0.6845771059023488,0.00040450832196657627,-0.0006647482726281769,6.055172485023604e-07
42,-0.5219604830553644,1.5450161338677433,1.2488428393956426,0.31961046448584635,0.055960545273239536,0.002770193277579178,0.0,0.05319035199566036,0.006001822392072544,0,2,4,0.6850005739754448,0.00037428098322826546,-0.000615328126098461,5.187149571741607e-07
43,-0.5215862020721361,1.5444008057416447,1.2491959238773762,0.3197894973957311,0.05595638343267378,0.002811863133324248,0.0,0.05314452029934953,0.0055553991514082236,0,2,4,0.6853924209855754,0.00034634503914678636,-0.0005696178841921476,4.444194201331278e-07
44,-0.5212398570329894,1.5438311878574527,1.2495226996956468,0.3199550817926839,0.05595281757772042,0.002850703074497922,0.0,0.0531021145032225,0.005142521387988278,0,2,4,0.6857550403944164,0.0003205221355519556,-0.0005273339911995214,3.808155776532031e-07
45,-0.5209193348974374,1.5433038538662531,1.249825150157383,0.3201082470724499,0.05594976196510081,0.0028868871885324512,0.0,0.05306287477656836,0.004760620173139954,0,2,4,0.6860906399349666,0.0002966484619737024,-0.0004882152740774287,3.2635446383386195e-07
46,-0.5206226864354636,1.5428156385921756,1.2501051058026589,0.32024994111064803,0.0559471432687976,0.0029205817424803582,0.0,0.05302656152631724,0.004407330118583553,0,2,4,0.6864012566640086,0.00027457347281503215,-0.00045202107735634874,2.797136463481014e-07
47,-0.5203481129626486,1.5423636175148192,1.2503642566280886,0.32038103710323623,0.055944898765047234,0.0029519450191034624,0.0,0.052992953745943774,0.004080472298229342,0,2,4,0.6866887707062816,0.0002541587337110565,-0.00041852956672340096,2.397636601432855e-07
48,-0.5200939542289376,1.5419450879480958,1.2506041632691365,0.3205023397796485,0.05594297478606465,0.0029811272766095834,0.0,0.05296184750945507,0.0037780387329402684,0,2,4,0.6869549178158875,0.00023527687913796447,-0.0003875361843189551,2.0553950401339548e-07
49,-0.5198586773497996,1.541557551763777,1.2508262672384878,0.32061459105328666,0.05594132540200868,0.0030082708056924272,0.0,0.052933054596316254,0.003498178278125523,0,2,4,0.6872013008669239,0.0002178106691036011,-0.0003588522406904418,1.762164182239092e-07
50,-0.519640866680696,1.5411986995230864,1.251031900307459,0.3207184751664804,0.05593991129694086,0.003033510062214507,0.0,0.052906401234726355,0.0032391837725665035,0,2,4,0.6874294003734184,0.00020165213425803947,-0.00033230363002617836,1.5108928577939762e-07
51,-0.5194392145464379,1.5408663958930602,1.251222293108479,0.3208146233804263,0.05593869880978173,0.0030569718577599407,0.0,0.05288172695202179,0.0029994803230160875,0,2,4,0.6876405841281515,0.00018670180007061623,-0.0003077296567572024,1.2955510379751395e-07
52,-0.5192525127463673,1.5405586662363029,1.251398583028758,0.3209036182548987,0.055937659115694524,0.003078775593510665,0.0,0.05285888352218386,0.002777614613179945,0,2,4,0.6878361160407177,0.00017286798184230553,-0.00028498196290365374,1.1109805832665115e-07
53,-0.519079644764525,1.5402736842733993,1.25156182145823,0.3209859975575237,0.05593676752705512,0.003099033525574787,0.0,0.052837734001480334,0.002572245138015473,0,2,4,0.6880171642469832,0.00016006614329545183,-0.0002639235466781184,9.527680872063707e-08
54,-0.5189195786212295,1.5400097607267211,1.2517129804486395,0.32106225783803927,0.05593600289631757,0.003117851052117427,0.0,0.05281815184420014,0.0023821332750627775,0,2,4,0.6881848085548682,0.00014821831232864055,-0.0002444278638551106,8.171364873832293e-08
55,-0.5187713603089009,1.539765332862866,1.2518529588350917,0.32113285769914673,0.05593534710574691,0.0031353270144861087,0.0,0.0528000200912608,0.0022061351139910155,0,2,4,0.6883400472849556,0.00013725254825506974,-0.00022637800429931685,7.008526283305176e-08
56,-0.5186341077606459,1.5395389548585667,1.2519825878664599,0.32119822079218724,0.05593478463124233,0.003151554006048547,0.0,0.052783230625193786,0.002043193973880038,0,2,4,0.6884838035587151,0.0001271024554862876,-0.00020966593682310907,6.011483925455569e-08
57,-0.5185070053051596,1.5393292889217436,1.2521026363866457,0.32125873856293574,0.05593430216938317,0.003166618683726268,0.0,0.052767683485656906,0.0018923335450792254,0,2,4,0.6886169310820606,0.00011770673917775961,-0.00019419181623364366,5.1565337939982356e-08
58,-0.5183892985659818,1.53913509710551,1.2522138156047367,0.32131477277019055,0.055933888318444674,0.0031806020782503028,0.0,0.052753286240194375,0.0017526515989896995,0,2,4,0.6887402194674059,0.00010900879884287436,-0.00017986334704432226,4.4233741835152554e-08
59,-0.5182802897671389,1.5389552337584658,1.2523167834886086,0.32136665779753815,0.055933533305504726,0.003193579900031057,0.0,0.05273995340547367,0.0016233142148209976,0,2,4,0.6888543991333559,0.00010095635637110259,-0.0001665951988649303,3.794614617657474e-08
60,-0.5181793334107678,1.5387886385596008,1.252412148813338,0.32141470277663525,0.05593322875292587,0.0032056228382431177,0.0,0.05272760591468275,0.001503550477475732,0,2,4,0.6889601458175232,9.350111526106569e-05,-0.0001543084689727331,3.2553562151772026e-08
61,-0.5180858322955068,1.538634330090628,1.252500474892967,0.32145919353854596,0.0559329674784871,0.0032167968513118254,0.0,0.05271617062717527,0.0013926476052113855,0,2,4,0.6890580847347272,8.659844821081231e-05,-0.00014293018799614642,2.79283298731345e-08
62,-0.517999233847296,1.538491399902632,1.252582283021613,0.32150039440805434,0.055932743324281824,0.003227163447466899,0.0,0.05270557987681492,0.0012899464697455295,0,2,4,0.689148794409904,8.020711050350057e-05,-0.00013239286502651188,2.3961051285248944e-08
63,-0.5179190267367925,1.5383590070376054,1.2526580556476068,0.32153854985445807,0.055932551010213716,0.0032367799544194345,0.0,0.05269577105579428,0.0011948374750442921,0,2,4,0.6892328102124353,7.428897688037006e-05,-0.00012263406882085824,2.0557966921491154e-08
64,-0.5178447377599121,1.5382363729687845,1.252728239302279,0.3215738860110586,0.055932386008532425,0.003245699777536548,0.0,0.05268668623099588,0.0011067567642241791,0,2,4,0.6893106276162401,6.880879982679291e-05,-0.00011359604206415991,1.7638711706246047e-08
65,-0.5177759289600853,1.5381227769267203,1.2527932473031327,0.32160661207443214,0.05593224443636962,0.0032539726461447284,0.0,0.05267827179022489,0.001025182726851803,0,2,4,0.689382705207838,6.37339873975061e-05,-0.00010522534593852773,1.51343945774683e-08
66,-0.5177121949726878,1.5380175515807817,1.2528534622494603,0.3216369215935351,0.05593212296367952,0.0032616448477999103,0.0,0.05267047811587961,0.000949632781474992,0,2,4,0.6894494674626751,5.903439889193923e-05,-9.747253249226262e-05,1.2985954842987789e-08
67,-0.5176531605737958,1.5379200790482894,1.2529092383268998,0.3216649936577973,0.05593201873436382,0.0032687594505250886,0.0,0.052663259283838734,0.0008796604105240225,0,2,4,0.6895113073082441,5.4682156845377305e-05,-9.029184253121075e-05,1.1142755104943404e-08
68,-0.5175984784169505,1.5378297872057582,1.2529609034360705,0.321690993992509,0.05593192929868485,0.003275356513147848,0.0,0.052656572785537,0.0008148524267639268,0,2,4,0.6895685884909754,5.0651473955844874e-05,-8.364092694790298e-05,9.561376474604074e-09
69,-0.5175478269429946,1.5377461462788105,1.2530087611591259,0.32171507596909643,0.055931852555343865,0.0032814732839688836,0.0,0.05265037927137498,0.0007548264523474686,0,2,4,0.6896216477624223,4.691849368366321e-05,-7.748058959513637e-05,8.204586813553899e-09
70,-0.517500908449311,1.5376686656892153,1.2530530925769412,0.3217373815371868,0.05593178670183701,0.003287144388070727,0.0,0.05264464231376628,0.0006992285931807478,0,2,4,0.6896707968989805,4.346114338666537e-05,-7.1774549967476e-05,7.0404570075099965e-09
71,-0.5174574473059242,1.537596891139248,1.253094157948587,0.3217580420847801,0.055931730191901445,0.003292402003632574,0.0,0.05263932818826887,0.0006477312928245485,0,2,4,0.6897163245681873,4.025899895003571e-05,-6.648922410797814e-05,6.041603918939918e-09
72,-0.5174171883069743,1.53753040191514,1.2531321982638022,0.321777179232289,0.05593168169903576,0.0032972760276592274,0.0,0.052634405671376526,0.0006000313515121652,0,2,4,0.689758498053585,3.7293159968004165e-05,-6.15935222883468e-05,5.184541768284222e-09
73,-0.5173798951470062,1.5374688083928516,1.2531674366782917,0.3217949055657259,0.05593164008522431,0.003301794231559068,0.0,0.052629845853665244,0.0005558480971089644,0,2,4,0.689797564849137,3.454613461357767e-05,-5.705866213748467e-05,4.449126341659055e-09
74,-0.5173453490123926,1.537411749730714,1.253200079840903,0.3218113253138555,0.0559316043741215,0.0033059824070253013,0.0,0.0526256219670962,0.0005149216959426593,0,2,4,0.6898337541333065,3.200173341412954e-05,-5.2857995998774604e-05,3.8180786825154865e-09
75,-0.5173133472789785,1.5373588917347152,1.2532303191209895,0.3218265349737416,0.05593157372805781,0.003309864502682348,0.0,0.05262170922537546,0.0004770115924596793,0,2,4,0.6898672781320813,2.9644971212762356e-05,-4.896685140279827e-05,3.276576854509236e-09
76,-0.5172837023077658,1.5373099248833124,1.2532583317436155,0.32184062388873824,0.05593154742832163,0.003313462751962326,0.0,0.052618084676359304,0.00044189506757706475,0,2,4,0.6898983333794888,2.746197666097419e-05,-4.536238363067823e-05,2.811906010784716e-09
77,-0.5172562403311048,1.5372645624996817,1.253284281839653,0.32185367478264276,0.055931524858249246,0.0033167977926730975,0.0,0.05261472706557615,0.0004093659064402237,0,2,4,0.6899271018834626,2.5439908643205414e-05,-4.2023439427852356e-05,2.4131584131210134e-09
78,-0.5172308004224616,1.5372225390602539,1.253308321417256,0.3218657642534246,0.05593150548872211,0.003319888778711823,0.0,0.05261161671001029,0.0003792331670596997,0,2,4,0.6899537522042973,2.3566879083959517e-05,-3.8930431004743636e-05,2.070976247973073e-09
79,-0.5172072335433776,1.5371836086292492,1.2533305912606882,0.32187696322966675,0.055931488865727484,0.003322753484366793,0.0,0.05260873538136069,0.00035132004199959745,0,2,4,0.6899784404523517,2.1831881633743442e-05,-3.606521953132741e-05,1.7773311155126243e-09
80,-0.5171854016617439,1.537147543409718,1.2533512217620266,0.3218873373925988,0.055931474599689404,0.003325408401638401,0.0,0.052606066198051006,0.0003254628059125091,0,2,4,0.6900013112111526,2.022472577383874e-05,-3.341100739337577e-05,1.5253349476671874e-09
81,-0.5171651769359701,1.5371141324023245,1.2533703336908133,0.3218969475663705,0.05593146235631643,0.0033278688309931453,0.0,0.05260359352532328,0.0003015098423133036,0,2,4,0.6900224983915505,1.8735975916512187e-05,-3.095223853981643e-05,1.3090778641698222e-09
82,-0.5171464409600536,1.5370831801637848,1.2533880389063476,0.32190585007901024,0.05593145184875105,0.003330148965949768,0.0,0.05260130288280128,0.0002793207434978246,0,2,4,0.6900421260221516,1.735689511033936e-05,-2.867450630267998e-05,1.1234891195737563e-09
83,-0.5171290840649433,1.537054505657482,1.2534044410169451,0.321914097096301,0.05593144283083476,0.0033322619718784857,0.0,0.052599180858956276,0.0002587654780084014,0,2,4,0.6900603089808405,1.60793929970969e-05,-2.6564468118396577e-05,9.64217845568397e-10
84,-0.5171130046719462,1.5370279411893637,1.253419635990153,0.3219217369306524,0.055931435091330445,0.0033342200593771895,0.0,0.052597215031953255,0.00023972362048364234,0,2,4,0.6900771536718353,1.4895977688469259e-05,-2.460976662710834e-05,8.275307647361094e-10
85,-0.5170981086942578,1.5370033314227365,1.2534337127176085,0.3219288143268643,0.05593142844896539,0.0033360345525700118,0.0,0.05259539389639538,0.0002220836391441186,0,2,4,0.6900927586523756,1.3799711263325492e-05,-2.27989566650752e-05,7.102244559671293e-10
86,-0.5170843089829944,1.5369805324660715,1.2534467535379465,0.32193537072653966,0.05593142274817893,0.0033377159526567397,0.0,0.05259370679552219,0.00020574223652933458,0,2,4,0.6901072152128309,1.2784168607102713e-05,-2.112143770370056e-05,6.095500976461342e-10
87,-0.5170715248143873,1.5369594110283678,1.2534588347208935,0.32194144451276435,0.05593141785547338,0.003339273997022528,0.0,0.052592143858450846,0.00019060373945604822,0,2,4,0.6901206079137185,1.1843399337256727e-05,-1.956739132487839e-05,5.231489111226591e-10
88,-0.5170596814150501,1.536939843637043,1.2534700269154597,0.32194707123654565,0.05593141365628382,0.0033407177142020014,0.0,0.052590695942081815,0.00017657953446536837,0,2,4,0.6901330150828693,1.0971892580194237e-05,-1.8127723351087644e-05,4.489967806848896e-10
89,-0.51704870952247,1.5369217159136919,1.2534803955649059,0.3219522838263849,0.05593141005229174,0.003342055474972969,0.0,0.052589354577318774,0.0001635875453337054,0,2,4,0.6901445092757125,1.0164544382224305e-05,-1.6794010281449e-05,3.853567438316224e-10
90,-0.5170385449780878,1.5369049219034103,1.2534900012909695,0.3219571127822567,0.05593140695912039,0.003343295039840669,0.0,0.05258811191927972,0.00015155174946956455,0,2,4,0.6901551577014453,9.416627554701406e-06,-1.5558449708918676e-05,3.307382318489134e-10
91,-0.517029128350533,1.5368893634537013,1.253498900249641,0.3219615863551653,0.055931404304357134,0.0033444436031564322,0.0,0.052586960701200704,0.00014040173027593593,0,2,4,0.6901650226176287,8.723763769106217e-06,-1.4413814420523585e-05,2.8386210044846397e-10
92,-0.5170204045867639,1.5368749496392808,1.2535071444606085,0.3219657307133617,0.05593140202585642,0.003345507834100356,0.0,0.052585894191756063,0.0001300722627758406,0,2,4,0.6901741616955646,8.081897732107601e-06,-1.3353409904439671e-05,2.4363062702823353e-10
93,-0.5170123226890317,1.5368615962293763,1.2535147821123345,0.32196957009622146,0.05593140007028371,0.0033464939147434267,0.0,0.05258490615554028,0.00012050293000339067,0,2,4,0.6901826283586348,7.487273283654227e-06,-1.2371035008570118e-05,2.091017684073898e-10
94,-0.517004835415748,1.5368492251943677,1.2535218578445706,0.3219731269567069,0.05593139839186585,0.003347407575389987,0.0,0.05258399081647586,0.00011163776786261953,0,2,4,0.6901904720956075,6.936411273092274e-06,-1.1460945516087727e-05,1.7946707347221297e-10
95,-0.5169978990044749,1.5368377642488515,1.253528413009992,0.3219764220932685,0.05593139695131878,0.003348254127389781,0.0,0.052583142823929,0.00010342493631878056,0,2,4,0.6901977387507783,6.426089079576147e-06,-1.061782041936965e-05,1.5403273131663087e-10
96,-0.5169914729153954,1.5368271464284322,1.2535344859165012,0.32197947477196925,0.05593139571492746,0.003349038493595702,0.0,0.052582357221331755,9.581641495773185e-05,0,2,4,0.6902044707926666,5.9533216548376955e-06,-9.836730690585827e-06,1.3220330940507255e-10
97,-0.5169855195937405,1.5368173096977416,1.253540112051632,0.3219823028395693,0.055931394653756135,0.0033497652366318597,0.0,0.05258162941712428,8.876772109538921e-05,0,2,4,0.6902107075628559,5.515343971505271e-06,-9.11311036463025e-06,1.1346779964195083e-10
98,-0.516980004249769,1.536808196587377,1.2535453242903851,0.32198492282823726,0.05593139374297081,0.0033504385851260603,0.0,0.05258095515784475,8.223764875525247e-05,0,2,4,0.6902164855064555,5.109594774288517e-06,-8.442729760614886e-06,9.738764456820882e-11
99,-0.5169748946549947,1.5367997538576164,1.2535501530877202,0.3219873500525144,0.05593139296125754,0.003351062458050081,0.0,0.05258033050320746,7.618802696093706e-05,0,2,4,0.6902218383855441,4.7337015356871405e-06,-7.821670683602066e-06,8.358646251168681e-11
100,-0.516970160953459,1.5367919321869328,1.2535546266568436,0.32198959869910976,0.05593139229032363,0.0033516404873017965,0.0,0.05257975180302183,7.05834959049737e-05,0,2,4,0.6902267974768569,4.385466525731463e-06,-7.2463034595371395e-06,7.17412304760111e-11
101,-0.5169657754869333,1.5367846858834733,1.2535587711343394,0.32199168191005634,0.0559313917144691,0.0033521760386536568,0.0,0.052579215675815444,6.539129966758436e-05,0,2,4,0.6902313917548836,4.0628539134951455e-06,-6.713265667132872e-06,6.15747178399078e-11
102,-0.5169617126330198,1.5367779726178061,1.2535626107331215,0.32199361185972175,0.05593139122021918,0.0033526722311839983,0.0,0.052578718989035184,6.0581094254023845e-05,0,2,4,0.6902356480614562,3.7639778233775065e-06,-6.2194424405839775e-06,5.2848993326614854e-11
103,-0.5169579486551964,1.5367717531753655,1.2535661678841064,0.3219953998261295,0.05593139079600908,0.0033531319552995704,0.0,0.05257825884070951,5.6124769812242956e-05,0,2,4,0.6902395912628303,3.4870912753004467e-06,-5.7619482263376876e-06,4.535985292527252e-11
104,-0.5169544615639211,1.5367659912271392,1.2535694633674366,0.3219970562570161,0.05593139043191297,0.0033535578894494647,0.0,0.0525778325424635,5.199628598365804e-05,0,2,4,0.6902432443951768,3.2305759416245694e-06,-5.338109887699505e-06,3.8932038087758695e-11
105,-0.5169512309879795,1.5367606531172515,1.253572516434032,0.3219985908310086,0.05593139011941174,0.0033539525156247594,0.0,0.05257743760378698,4.817151940918553e-05,0,2,4,0.6902466287993492,2.992932662114339e-06,-4.945451055624606e-06,3.341513206352935e-11
106,-0.5169482380553173,1.536755707666196,1.2535753449181837,0.32200001251428834,0.05593138985119375,0.003354318133731198,0.0,0.05257707171746256,4.462812248845992e-05,0,2,4,0.6902497642457163,2.77277265970724e-06,-4.5816776338092334e-06,2.868003816256774e-11
107,-0.5169454652826576,1.5367511259885622,1.2535779653418475,0.3220013296130717,0.05593138962098359,0.0033546568749152446,0.0,0.05257673274606835,4.1345392566093454e-05,0,2,4,0.6902526690497914,2.5688094051255773e-06,-4.244664373650453e-06,2.4615957404799015e-11
108,-0.5169428964732525,1.5367468813241887,1.253580393011251,0.3220025498222234,0.05593138942339507,0.003354970713919546,0.0,0.05257641870947552,3.830415076680123e-05,0,2,4,0.6902553601793399,2.379851081338452e-06,-3.932442439573691e-06,2.1127794709908085e-11
109,-0.5169405166221712,1.536742948881749,1.2535826421063891,0.3220036802702795,0.0559313892538055,0.003355261480538079,0.0,0.05257612777326742,3.5486629764682255e-05,0,2,4,0.6902578533535977,2.204793605949523e-06,-3.6431878898521284e-06,1.8133932845601105e-11
110,-0.5169383118285653,1.5367393056938592,1.253584725763918,0.3220047275611541,0.055931389108247166,0.00335553087023493,0.0,0.05257585823801224,3.2876369835320776e-05,0,2,4,0.6902601631351749,2.0426141668321295e-06,-3.3752110085977228e-06,1.556432198710257e-11
111,-0.5169362692143985,1.5367359304828505,1.2535866561539522,0.32200569781276905,0.05593138898331468,0.003355780453988812,0.0,0.052575608529325864,3.0458122564563898e-05,0,2,4,0.6902623030151936,1.8923652361800546e-06,-3.1269464221780897e-06,1.3358840114275149e-11
112,-0.5169343768491623,1.5367328035364283,1.2535884445511973,0.3220065966928379,0.05593138887608523,0.0033560116874179796,0.0,0.05257537718866725,2.821776166116615e-05,0,2,4,0.6902642854921511,1.7531690248789865e-06,-2.8969439455744927e-06,1.1465885853595846e-11
113,-0.5169326236801375,1.5367299065924827,1.2535901014008521,0.32200742945200994,0.05593138878405023,0.0033562259192388144,0.0,0.05257516286481142,2.614220033909689e-05,0,2,4,0.6902661221449778,1.6242123471514601e-06,-2.6838601019354978e-06,9.841170795400476e-12
114,-0.5169309994677903,1.5367272227323807,1.2535916363796507,0.3220082009545759,0.05593138870505659,0.0033564243991056953,0.0,0.05257496430595089,2.421931479088569e-05,0,2,4,0.6902678237007117,1.5047418623850838e-06,-2.486450268218143e-06,8.446683008736205e-12
115,-0.516929494725928,1.5367247362821126,1.2535930584524144,0.32200891570690704,0.05593138863725629,0.0033566082848776537,0.0,0.052574780352378635,2.2437873298282578e-05,0,2,4,0.6902694000971923,1.3940596690653618e-06,-2.3035613984528914e-06,7.249797477356866e-12
116,-0.5169281006662589,1.536722432720714,1.2535943759244397,0.32200957788380147,0.05593138857906319,0.0033567786493532872,0.0,0.05257460992970991,2.0787470565532286e-05,0,2,4,0.6902708605411367,1.2915192228771243e-06,-2.134125283371202e-06,6.222512628185344e-12
117,-0.516926809147036,1.5367202985954307,1.2535955964900272,0.3220101913528901,0.05593138852911597,0.0033569364865126557,0.0,0.05257445204260332,1.925846689044092e-05,0,2,4,0.6902722135619406,1.1965215553784436e-06,-1.977152306699148e-06,5.340795076371012e-12
118,-0.5169256126254806,1.536718321443124,1.2535967272774406,0.32201075969724346,0.055931388486246174,0.003357082717302153,0.0,0.05257430576894402,1.7841931815408807e-05,0,2,4,0.6902734670615178,1.1085117719161763e-06,-1.8317256608360587e-06,4.584017245042037e-12
119,-0.5169245041137087,1.536716489717463,1.2535977748905553,0.32201128623631425,0.05593138844945091,0.003357218194995608,0.0,0.05257417025445531,1.65295919288046e-05,0,2,4,0.690274628360472,1.0269758072824208e-06,-1.6969959886956043e-06,3.934474694392351e-12
120,-0.5169234771379014,1.5367147927214744,1.2535987454474407,0.3220117740453385,0.05593138841786943,0.0033573437101625824,0.0,0.05257404470770685,1.5313782510164125e-05,0,2,4,0.6902757042408684,9.514374201712027e-07,-1.5721764201787057e-06,3.376971860667964e-12
121,-0.5169225257004813,1.5367132205450542,1.253599644616104,0.3220122259733073,0.055931388390762934,0.0033574599952725923,0.0,0.05257392839549034,1.4187402735414777e-05,0,2,4,0.6902767009858585,8.814554092899384e-07,-1.4565379738476491e-06,2.8984665078267077e-12
122,-0.5169216442450719,1.5367117640070804,1.2536004776476033,0.3220126446596153,0.05593138836749735,0.0033575677289617166,0.0,0.052573820638535634,1.314387418099445e-05,0,2,4,0.6902776244163878,8.166210345697533e-07,-1.3494052971935178e-06,2.4877645701957004e-12
123,-0.5169208276240373,1.5367104146017831,1.2536012494067228,0.32201303254948377,0.055931388347528414,0.0033576675399863377,0.0,0.05257372080754208,1.2177102382956275e-05,0,2,4,0.6902784799252019,7.565556280952901e-07,-1.2501527205927009e-06,2.1352582432079906e-12
124,-0.5169200710684092,1.5367091644490625,1.2536019644003904,0.32201339190824924,0.05593138833038899,0.0033577600108868977,0.0,0.052573628319502096,1.1281441225929278e-05,0,2,4,0.6902792725083486,7.009083806931715e-07,-1.1582006018842627e-06,1.8327011923309924e-12
125,-0.5169193701600285,1.5367080062484606,1.2536026268040061,0.3220137248345979,0.05593138831567815,0.0033578456813829543,0.0,0.052573542634295194,1.0451659952951471e-05,0,2,4,0.6902800067943656,6.493542923856343e-07,-1.0730119393925762e-06,1.5730156191186655e-12
126,-0.5169187208057362,1.5367069332365213,1.2536032404858317,0.32201403327282857,0.05593138830305178,0.003357925051519117,0.0,0.05257346325153266,9.682912603551566e-06,0,2,4,0.6902806870713164,6.01592272788387e-07,-9.940892348017648e-07,1.3501266694274554e-12
127,-0.5169181192134634,1.5367059391472866,1.2536038090295842,0.3220143190242116,0.05593138829221448,0.0033579985845799075,0.0,0.052573389707634574,8.970709703278817e-06,0,2,4,0.6902813173118375,5.573433817412931e-07,-9.209715869604173e-07,1.1588203091592102e-12
128,-0.5169175618700816,1.5367050181756996,1.253604335755371,0.32201458375751174,0.05593138828291279,0.003358066709791051,0.0,0.05257332157312174,8.310892033378394e-06,0,2,4,0.6902819011963452,5.16349199723154e-07,-8.53231998912407e-07,9.946213400228033e-13
129,-0.5169170455208819,1.5367041649437008,1.2536048237390796,0.3220148290187369,0.05593138827492909,0.0033581298248220124,0.0,0.05257325845010708,7.69960633505382e-06,0,2,4,0.690282442134531,4.783703177334286e-07,-7.904748839809849e-07,8.53688703093133e-13
130,-0.5169165671505642,1.5367033744688168,1.2536052758303449,0.3220150562401701,0.05593138826807666,0.0033581882981052144,0.0,0.052573199969971444,7.133282797821771e-06,0,2,4,0.6902829432852785,4.4318493854236805e-07,-7.323337546982778e-07,7.327256180212799e-13
131,-0.5169161239656257,1.536702642135062,1.253605694669192,0.3220152667487356,0.05593138826219516,0.003358242470984631,0.0,0.05257314579121053,6.60861420749324e-06,0,2,4,0.6902834075751129,4.105875809778947e-07,-6.784690821642902e-07,6.289024571061336e-13
132,-0.5169157133780448,1.5367019636659798,1.2536060827014563,0.32201546177374946,0.05593138825714704,0.0033582926597068062,0.0,0.05257309559744023,6.122536626729825e-06,0,2,4,0.6902838377152939,3.803878796282412e-07,-6.285663126268104e-07,5.397905483373344e-13
133,-0.5169153329901651,1.5367013350996672,1.2536064421930675,0.32201564245410175,0.0559313882528142,0.0033583391572655392,0.0,0.05257304909554866,5.672211497711967e-06,0,2,4,0.6902842362176521,3.52409472349352e-07,-5.823340303942603e-07,4.63305359156772e-13
134,-0.5169149805806927,1.536700752765637,1.2536067752432838,0.3220158098449076,0.05593138824909534,0.003358382235111078,0.0,0.052573006013984264,5.255009062126865e-06,0,2,4,0.6902846054092577,3.264889703770424e-07,-5.395022555299e-07,3.976577314997108e-13
135,-0.5169146540917223,1.5367002132633814,1.2536070837969517,0.3220159649236698,0.05593138824590341,0.0033584221447336697,0.0,0.05257296610116974,4.86849300165756e-06,0,2,4,0.6902849474460121,3.0247500389171677e-07,-4.998208670756177e-07,3.413120271435163e-13
136,-0.5169143516167184,1.5366997134425142,1.2536073696558652,0.32201610859598934,0.05593138824316373,0.0033584591191309745,0.0,0.052572929124032754,4.510406206458793e-06,0,2,4,0.6902852643252388,2.8022733761165487e-07,-4.6305814211139436e-07,2.9295020372057266e-13
137,-0.5169140713893808,1.5366992503843722,1.2536076344892875,0.3220162417008543,0.05593138824081223,0.0033584933741674845,0.0,0.052572894866644744,4.178657592716551e-06,0,2,4,0.6902855578973489,2.596160516882273e-07,-4.2899940244367495e-07,2.5144098159121447e-13
138,-0.5169138117733292,1.5366988213849697,1.2536078798437016,0.32201636501553926,0.05593138823879397,0.0033585251098342136,0.0,0.05257286312895976,3.871309888497824e-06,0,2,4,0.6902858298766474,2.40520783186815e-07,-3.9744576044442593e-07,2.1581337964004687e-13
139,-0.516913571252546,1.5366984239392092,1.2536081071518386,0.32201647926014626,0.05593138823706166,0.0033585545114154613,0.0,0.0525728337256462,3.5865683213074355e-06,0,2,4,0.6902860818513439,2.2283002247505678e-07,-3.682129581381033e-07,1.8523400145704691e-13
